{"cameraMode":{"drawMode":0,"name":"Shaded","section":"Shading Mode"},"sceneLighting":true,"audioPlay":false,"sceneViewState":{"showFog":true,"showMaterialUpdate":false,"showSkybox":true,"showFlares":true,"showImageEffects":true,"showParticleSystems":true},"in2DMode":false,"pivot":{"x":0.08375877887010575,"y":0.27319827675819399,"z":-2.897528648376465},"rotation":{"x":0.28084880113601687,"y":-0.06299005448818207,"z":0.018474942073225976,"w":0.9575093388557434},"size":3.130181074142456,"orthographic":false}